TIME,ARB
0.000000000000e+000,
2.499999990010e-013,
4.999999980021e-013,
7.499999970031e-013,
9.999999960042e-013,
1.249999995005e-012,
1.499999994006e-012,
1.749999993007e-012,
1.999999992008e-012,
2.250000099430e-012,
2.499999990010e-012,
2.750000097432e-012,
2.999999988013e-012,
3.250000095434e-012,
3.499999986015e-012,
3.749999876596e-012,
3.999999984017e-012,
4.250000091438e-012,
4.500000198859e-012,
4.749999872600e-012,
4.999999980021e-012,
5.250000087442e-012,
5.500000194864e-012,
5.749999868604e-012,
5.999999976025e-012,
6.250000083446e-012,
6.500000190868e-012,
6.749999864608e-012,
6.999999972029e-012,
7.250000079451e-012,
7.499999753191e-012,
7.750000294293e-012,
7.999999968034e-012,
8.249999641774e-012,
8.500000182876e-012,
8.749999856617e-012,
9.000000397719e-012,
9.250000071459e-012,
9.499999745199e-012,
9.750000286302e-012,
9.999999960042e-012,
1.024999963378e-011,
1.050000017488e-011,
1.074999984862e-011,
1.100000038973e-011,
1.125000006347e-011,
1.149999973721e-011,
1.175000027831e-011,
1.199999995205e-011,
1.224999962579e-011,
1.250000016689e-011,
1.274999984063e-011,
1.300000038174e-011,
1.325000005548e-011,
1.349999972922e-011,
1.375000027032e-011,
1.399999994406e-011,
1.424999961780e-011,
1.450000015890e-011,
1.474999983264e-011,
1.499999950638e-011,
1.524999918012e-011,
1.550000058859e-011,
1.575000026233e-011,
1.599999993607e-011,
1.624999960981e-011,
1.649999928355e-011,
1.675000069201e-011,
1.700000036575e-011,
1.725000003949e-011,
1.749999971323e-011,
1.774999938697e-011,
1.800000079544e-011,
1.825000046918e-011,
1.850000014292e-011,
1.874999981666e-011,
1.899999949040e-011,
1.924999916414e-011,
1.950000057260e-011,
1.975000024634e-011,
1.999999992008e-011,
2.024999959382e-011,
2.049999926756e-011,
2.075000067603e-011,
2.100000034977e-011,
2.125000002351e-011,
2.149999969725e-011,
2.174999937099e-011,
2.200000077945e-011,
2.225000045319e-011,
2.250000012693e-011,
2.274999980068e-011,
2.299999947442e-011,
2.324999914816e-011,
2.350000055662e-011,
2.375000023036e-011,
2.399999990410e-011,
2.424999957784e-011,
2.449999925158e-011,
2.475000066005e-011,
2.500000033379e-011,
2.525000000753e-011,
2.549999968127e-011,
2.574999935501e-011,
2.600000076347e-011,
2.625000043721e-011,
2.650000011095e-011,
2.674999978469e-011,
2.699999945843e-011,
2.725000086690e-011,
2.750000054064e-011,
2.775000021438e-011,
2.799999988812e-011,
2.824999956186e-011,
2.849999923560e-011,
2.875000064406e-011,
2.900000031780e-011,
2.925000172627e-011,
2.949999966528e-011,
2.975000107375e-011,
2.999999901276e-011,
3.025000042123e-011,
3.049999836024e-011,
3.074999976871e-011,
3.100000117717e-011,
3.124999911619e-011,
3.150000052465e-011,
3.174999846367e-011,
3.199999987213e-011,
3.225000128060e-011,
3.249999921962e-011,
3.275000062808e-011,
3.299999856710e-011,
3.324999997556e-011,
3.350000138402e-011,
3.374999932304e-011,
3.400000073150e-011,
3.424999867052e-011,
3.450000007899e-011,
3.475000148745e-011,
3.499999942647e-011,
3.525000083493e-011,
3.549999877395e-011,
3.575000018241e-011,
3.600000159087e-011,
3.624999952989e-011,
3.650000093836e-011,
3.674999887737e-011,
3.700000028584e-011,
3.725000169430e-011,
3.749999963332e-011,
3.775000104178e-011,
3.799999898080e-011,
3.825000038926e-011,
3.849999832828e-011,
3.874999973674e-011,
3.900000114521e-011,
3.924999908422e-011,
3.950000049269e-011,
3.974999843170e-011,
3.999999984017e-011,
4.025000124863e-011,
4.049999918765e-011,
4.075000059611e-011,
4.099999853513e-011,
4.124999994359e-011,
4.150000135206e-011,
4.174999929107e-011,
4.200000069954e-011,
4.224999863855e-011,
4.250000004702e-011,
4.275000145548e-011,
4.299999939450e-011,
4.325000080296e-011,
4.349999874198e-011,
4.375000015044e-011,
4.400000155891e-011,
4.424999949793e-011,
4.450000090639e-011,
4.474999884541e-011,
4.500000025387e-011,
4.525000166233e-011,
4.549999960135e-011,
4.575000100981e-011,
4.599999894883e-011,
4.625000035730e-011,
4.649999829631e-011,
4.674999970478e-011,
4.700000111324e-011,
4.724999905226e-011,
4.750000046072e-011,
4.774999839974e-011,
4.799999980820e-011,
4.825000121667e-011,
4.849999915568e-011,
4.875000056415e-011,
4.899999850316e-011,
4.924999991163e-011,
4.950000132009e-011,
4.974999925911e-011,
5.000000066757e-011,
5.024999860659e-011,
5.050000001505e-011,
5.075000142352e-011,
5.099999936253e-011,
5.125000077100e-011,
5.149999871001e-011,
5.175000011848e-011,
5.200000152694e-011,
5.224999946596e-011,
5.250000087442e-011,
5.274999881344e-011,
5.300000022190e-011,
5.325000163037e-011,
5.349999956938e-011,
5.375000097785e-011,
5.399999891686e-011,
5.425000032533e-011,
5.450000173379e-011,
5.474999967281e-011,
5.500000108127e-011,
5.524999902029e-011,
5.550000042875e-011,
5.574999836777e-011,
5.599999977624e-011,
5.625000118470e-011,
5.649999912372e-011,
5.675000053218e-011,
5.699999847120e-011,
5.724999987966e-011,
5.750000128812e-011,
5.774999922714e-011,
5.800000063561e-011,
5.825000204407e-011,
5.850000345253e-011,
5.874999792210e-011,
5.899999933057e-011,
5.925000073903e-011,
5.950000214749e-011,
5.974999661706e-011,
5.999999802553e-011,
6.024999943399e-011,
6.050000084246e-011,
6.075000225092e-011,
6.099999672049e-011,
6.124999812895e-011,
6.149999953742e-011,
6.175000094588e-011,
6.200000235435e-011,
6.224999682392e-011,
6.249999823238e-011,
6.274999964084e-011,
6.300000104931e-011,
6.325000245777e-011,
6.349999692734e-011,
6.374999833580e-011,
6.399999974427e-011,
6.425000115273e-011,
6.450000256120e-011,
6.474999703077e-011,
6.499999843923e-011,
6.524999984769e-011,
6.550000125616e-011,
6.575000266462e-011,
6.599999713419e-011,
6.624999854266e-011,
6.649999995112e-011,
6.675000135958e-011,
6.700000276805e-011,
6.724999723762e-011,
6.749999864608e-011,
6.775000005455e-011,
6.800000146301e-011,
6.825000287147e-011,
6.849999734104e-011,
6.874999874951e-011,
6.900000015797e-011,
6.925000156643e-011,
6.950000297490e-011,
6.974999744447e-011,
6.999999885293e-011,
7.025000026140e-011,
7.050000166986e-011,
7.075000307832e-011,
7.099999754789e-011,
7.124999895636e-011,
7.150000036482e-011,
7.175000177329e-011,
7.200000318175e-011,
7.224999765132e-011,
7.249999905978e-011,
7.275000046825e-011,
7.300000187671e-011,
7.325000328517e-011,
7.349999775474e-011,
7.374999916321e-011,
7.400000057167e-011,
7.425000198014e-011,
7.450000338860e-011,
7.474999785817e-011,
7.499999926663e-011,
7.525000067510e-011,
7.550000208356e-011,
7.574999655313e-011,
7.599999796160e-011,
7.624999937006e-011,
7.650000077852e-011,
7.675000218699e-011,
7.699999665656e-011,
7.724999806502e-011,
7.749999947348e-011,
7.775000088195e-011,
7.800000229041e-011,
7.824999675998e-011,
7.849999816845e-011,
7.874999957691e-011,
7.900000098537e-011,
7.925000239384e-011,
7.949999686341e-011,
7.974999827187e-011,
7.999999968034e-011,
8.025000108880e-011,
8.050000249726e-011,
8.074999696683e-011,
8.099999837530e-011,
8.124999978376e-011,
8.150000119223e-011,
8.175000260069e-011,
8.199999707026e-011,
8.224999847872e-011,
8.249999988719e-011,
8.275000129565e-011,
8.300000270411e-011,
8.324999717368e-011,
8.349999858215e-011,
8.374999999061e-011,
8.400000139908e-011,
8.425000280754e-011,
8.449999727711e-011,
8.474999868557e-011,
8.500000009404e-011,
8.525000150250e-011,
8.550000291097e-011,
8.574999738054e-011,
8.599999878900e-011,
8.625000019746e-011,
8.650000160593e-011,
8.675000301439e-011,
8.699999748396e-011,
8.724999889242e-011,
8.750000030089e-011,
8.775000170935e-011,
8.800000311782e-011,
8.824999758739e-011,
8.849999899585e-011,
8.875000040431e-011,
8.900000181278e-011,
8.925000322124e-011,
8.949999769081e-011,
8.974999909928e-011,
9.000000050774e-011,
9.025000191620e-011,
9.050000332467e-011,
9.074999779424e-011,
9.099999920270e-011,
9.125000061116e-011,
9.150000201963e-011,
9.175000342809e-011,
9.199999789766e-011,
9.224999930613e-011,
9.250000071459e-011,
9.275000212305e-011,
9.299999659262e-011,
9.324999800109e-011,
9.349999940955e-011,
9.375000081802e-011,
9.400000222648e-011,
9.424999669605e-011,
9.449999810451e-011,
9.474999951298e-011,
9.500000092144e-011,
9.525000232991e-011,
9.549999679948e-011,
9.574999820794e-011,
9.599999961640e-011,
9.625000102487e-011,
9.650000243333e-011,
9.674999690290e-011,
9.699999831136e-011,
9.724999971983e-011,
9.750000112829e-011,
9.775000253676e-011,
9.799999700633e-011,
9.824999841479e-011,
9.849999982325e-011,
9.875000123172e-011,
9.900000264018e-011,
9.924999710975e-011,
9.949999851822e-011,
9.974999992668e-011,
1.000000013351e-010,
1.002500027436e-010,
1.004999972132e-010,
1.007499986216e-010,
1.010000000301e-010,
1.012500014386e-010,
1.015000028470e-010,
1.017499973166e-010,
1.019999987251e-010,
1.022500001335e-010,
1.025000015420e-010,
1.027500029505e-010,
1.029999974200e-010,
1.032499988285e-010,
1.035000002370e-010,
1.037500016454e-010,
1.040000030539e-010,
1.042499975235e-010,
1.044999989319e-010,
1.047500003404e-010,
1.050000017488e-010,
1.052500031573e-010,
1.054999976269e-010,
1.057499990353e-010,
1.060000004438e-010,
1.062500018523e-010,
1.065000032607e-010,
1.067499977303e-010,
1.069999991388e-010,
1.072500005472e-010,
1.075000019557e-010,
1.077500033642e-010,
1.079999978337e-010,
1.082499992422e-010,
1.085000006507e-010,
1.087500020591e-010,
1.090000034676e-010,
1.092499979372e-010,
1.094999993456e-010,
1.097500007541e-010,
1.100000021625e-010,
1.102499966321e-010,
1.104999980406e-010,
1.107499994490e-010,
1.110000008575e-010,
1.112500022660e-010,
1.114999967355e-010,
1.117499981440e-010,
1.119999995525e-010,
1.122500009609e-010,
1.125000023694e-010,
1.127499968390e-010,
1.129999982474e-010,
1.132499996559e-010,
1.135000010644e-010,
1.137500024728e-010,
1.139999969424e-010,
1.142499983509e-010,
1.144999997593e-010,
1.147500011678e-010,
1.150000025762e-010,
1.152499970458e-010,
1.154999984543e-010,
1.157499998627e-010,
1.160000012712e-010,
1.162500026797e-010,
1.165000040881e-010,
1.167499985577e-010,
1.170000069051e-010,
1.172500013746e-010,
1.174999958442e-010,
1.177500041916e-010,
1.179999986611e-010,
1.182499931307e-010,
1.185000014781e-010,
1.187499959476e-010,
1.190000042950e-010,
1.192499987646e-010,
1.194999932341e-010,
1.197500015815e-010,
1.199999960511e-010,
1.202500043984e-010,
1.204999988680e-010,
1.207499933376e-010,
1.210000016849e-010,
1.212499961545e-010,
1.215000045018e-010,
1.217499989714e-010,
1.219999934410e-010,
1.222500017883e-010,
1.224999962579e-010,
1.227500046053e-010,
1.229999990748e-010,
1.232499935444e-010,
1.235000018918e-010,
1.237499963613e-010,
1.240000047087e-010,
1.242499991783e-010,
1.244999936478e-010,
1.247500019952e-010,
1.249999964648e-010,
1.252500048121e-010,
1.254999992817e-010,
1.257499937513e-010,
1.260000020986e-010,
1.262499965682e-010,
1.265000049155e-010,
1.267499993851e-010,
1.269999938547e-010,
1.272500022020e-010,
1.274999966716e-010,
1.277500050190e-010,
1.279999994885e-010,
1.282499939581e-010,
1.285000023055e-010,
1.287499967750e-010,
1.290000051224e-010,
1.292499995920e-010,
1.294999940615e-010,
1.297500024089e-010,
1.299999968785e-010,
1.302500052258e-010,
1.304999996954e-010,
1.307499941650e-010,
1.310000025123e-010,
1.312499969819e-010,
1.315000053292e-010,
1.317499997988e-010,
1.319999942684e-010,
1.322500026157e-010,
1.324999970853e-010,
1.327500054327e-010,
1.329999999022e-010,
1.332499943718e-010,
1.335000027192e-010,
1.337499971887e-010,
1.340000055361e-010,
1.342500000057e-010,
1.344999944752e-010,
1.347500028226e-010,
1.349999972922e-010,
1.352500056395e-010,
1.355000001091e-010,
1.357499945787e-010,
1.360000029260e-010,
1.362499973956e-010,
1.365000057429e-010,
1.367500002125e-010,
1.369999946821e-010,
1.372500030294e-010,
1.374999974990e-010,
1.377500058464e-010,
1.380000003159e-010,
1.382499947855e-010,
1.385000031329e-010,
1.387499976024e-010,
1.390000059498e-010,
1.392500004194e-010,
1.394999948889e-010,
1.397500032363e-010,
1.399999977059e-010,
1.402500060532e-010,
1.405000005228e-010,
1.407499949924e-010,
1.410000033397e-010,
1.412499978093e-010,
1.415000061566e-010,
1.417500006262e-010,
1.419999950958e-010,
1.422500034431e-010,
1.424999979127e-010,
1.427500062601e-010,
1.430000007296e-010,
1.432499951992e-010,
1.435000035466e-010,
1.437499980161e-010,
1.440000063635e-010,
1.442500008331e-010,
1.444999953026e-010,
1.447500036500e-010,
1.449999981196e-010,
1.452500064669e-010,
1.455000009365e-010,
1.457499954061e-010,
1.460000037534e-010,
1.462499982230e-010,
1.465000065703e-010,
1.467500010399e-010,
1.469999955095e-010,
1.472500038568e-010,
1.474999983264e-010,
1.477500066738e-010,
1.480000011433e-010,
1.482499956129e-010,
1.485000039603e-010,
1.487499984298e-010,
1.490000067772e-010,
1.492500012468e-010,
1.494999957163e-010,
1.497500040637e-010,
1.499999985333e-010,
1.502500068806e-010,
1.505000013502e-010,
1.507499958198e-010,
1.510000041671e-010,
1.512499986367e-010,
1.514999931063e-010,
1.517500014536e-010,
1.519999959232e-010,
1.522500042705e-010,
1.524999987401e-010,
1.527499932097e-010,
1.530000015570e-010,
1.532499960266e-010,
1.535000043740e-010,
1.537499988435e-010,
1.539999933131e-010,
1.542500016605e-010,
1.544999961300e-010,
1.547500044774e-010,
1.549999989470e-010,
1.552499934165e-010,
1.555000017639e-010,
1.557499962335e-010,
1.560000045808e-010,
1.562499990504e-010,
1.564999935200e-010,
1.567500018673e-010,
1.569999963369e-010,
1.572500046843e-010,
1.574999991538e-010,
1.577499936234e-010,
1.580000019707e-010,
1.582499964403e-010,
1.585000047877e-010,
1.587499992572e-010,
1.589999937268e-010,
1.592500020742e-010,
1.594999965437e-010,
1.597500048911e-010,
1.599999993607e-010,
1.602499938302e-010,
1.605000021776e-010,
1.607499966472e-010,
1.610000049945e-010,
1.612499994641e-010,
1.614999939337e-010,
1.617500022810e-010,
1.619999967506e-010,
1.622500050980e-010,
1.624999995675e-010,
1.627499940371e-010,
1.630000023845e-010,
1.632499968540e-010,
1.635000052014e-010,
1.637499996709e-010,
1.639999941405e-010,
1.642500024879e-010,
1.644999969574e-010,
1.647500053048e-010,
1.649999997744e-010,
1.652499942439e-010,
1.655000025913e-010,
1.657499970609e-010,
1.660000054082e-010,
1.662499998778e-010,
1.664999943474e-010,
1.667500026947e-010,
1.669999971643e-010,
1.672500055117e-010,
1.674999999812e-010,
1.677499944508e-010,
1.680000027982e-010,
1.682499972677e-010,
1.685000056151e-010,
1.687500000846e-010,
1.689999945542e-010,
1.692500029016e-010,
1.694999973711e-010,
1.697500057185e-010,
1.700000001881e-010,
1.702499946576e-010,
1.705000030050e-010,
1.707499974746e-010,
1.710000058219e-010,
1.712500002915e-010,
1.714999947611e-010,
1.717500031084e-010,
1.719999975780e-010,
1.722500059254e-010,
1.725000003949e-010,
1.727499948645e-010,
1.730000032119e-010,
1.732499976814e-010,
1.735000060288e-010,
1.737500004984e-010,
1.739999949679e-010,
1.742500033153e-010,
1.744999977848e-010,
1.747500061322e-010,
1.750000006018e-010,
1.752499950713e-010,
1.755000034187e-010,
1.757499978883e-010,
1.760000062356e-010,
1.762500007052e-010,
1.764999951748e-010,
1.767500035221e-010,
1.769999979917e-010,
1.772500063391e-010,
1.775000008086e-010,
1.777499952782e-010,
1.780000036256e-010,
1.782499980951e-010,
1.785000064425e-010,
1.787500009121e-010,
1.789999953816e-010,
1.792500037290e-010,
1.794999981986e-010,
1.797500065459e-010,
1.800000010155e-010,
1.802499954850e-010,
1.805000038324e-010,
1.807499983020e-010,
1.810000066493e-010,
1.812500011189e-010,
1.814999955885e-010,
1.817500039358e-010,
1.819999984054e-010,
1.822500067528e-010,
1.825000012223e-010,
1.827499956919e-010,
1.830000040393e-010,
1.832499985088e-010,
1.835000068562e-010,
1.837500013258e-010,
1.839999957953e-010,
1.842500041427e-010,
1.844999986123e-010,
1.847499930818e-010,
1.850000014292e-010,
1.852499958988e-010,
1.855000042461e-010,
1.857499987157e-010,
1.859999931852e-010,
1.862500015326e-010,
1.864999960022e-010,
1.867500043495e-010,
1.869999988191e-010,
1.872499932887e-010,
1.875000016360e-010,
1.877499961056e-010,
1.880000044530e-010,
1.882499989225e-010,
1.884999933921e-010,
1.887500017395e-010,
1.889999962090e-010,
1.892500045564e-010,
1.894999990260e-010,
1.897499934955e-010,
1.900000018429e-010,
1.902499963125e-010,
1.905000046598e-010,
1.907499991294e-010,
1.909999935990e-010,
1.912500019463e-010,
1.914999964159e-010,
1.917500047632e-010,
1.919999992328e-010,
1.922499937024e-010,
1.925000020497e-010,
1.927499965193e-010,
1.930000048667e-010,
1.932499993362e-010,
1.934999938058e-010,
1.937500021532e-010,
1.939999966227e-010,
1.942500049701e-010,
1.944999994397e-010,
1.947499939092e-010,
1.950000022566e-010,
1.952499967262e-010,
1.955000050735e-010,
1.957499995431e-010,
1.959999940127e-010,
1.962500023600e-010,
1.964999968296e-010,
1.967500051769e-010,
1.969999996465e-010,
1.972499941161e-010,
1.975000024634e-010,
1.977499969330e-010,
1.980000052804e-010,
1.982499997499e-010,
1.984999942195e-010,
1.987500025669e-010,
1.989999970364e-010,
1.992500053838e-010,
1.994999998534e-010,
1.997499943229e-010,
2.000000026703e-010,
2.002499971399e-010,
2.005000054872e-010,
2.007499999568e-010,
2.009999944264e-010,
2.012500027737e-010,
2.014999972433e-010,
2.017500055906e-010,
2.020000000602e-010,
2.022499945298e-010,
2.025000028771e-010,
2.027499973467e-010,
2.030000056941e-010,
2.032500001636e-010,
2.034999946332e-010,
2.037500029806e-010,
2.039999974501e-010,
2.042500057975e-010,
2.045000002671e-010,
2.047499947366e-010,
2.050000030840e-010,
2.052499975536e-010,
2.055000059009e-010,
2.057500003705e-010,
2.059999948401e-010,
2.062500031874e-010,
2.064999976570e-010,
2.067500060043e-010,
2.070000004739e-010,
2.072499949435e-010,
2.075000032908e-010,
2.077499977604e-010,
2.080000061078e-010,
2.082500005773e-010,
2.084999950469e-010,
2.087500033943e-010,
2.089999978638e-010,
2.092500062112e-010,
2.095000006808e-010,
2.097499951503e-010,
2.100000034977e-010,
2.102499979673e-010,
2.105000063146e-010,
2.107500007842e-010,
2.109999952538e-010,
2.112500036011e-010,
2.114999980707e-010,
2.117500064180e-010,
2.120000008876e-010,
2.122499953572e-010,
2.125000037045e-010,
2.127499981741e-010,
2.130000065215e-010,
2.132500009910e-010,
2.134999954606e-010,
2.137500038080e-010,
2.139999982775e-010,
2.142500066249e-010,
2.145000010945e-010,
2.147499955640e-010,
2.150000039114e-010,
2.152499983810e-010,
2.155000067283e-010,
2.157500011979e-010,
2.159999956675e-010,
2.162500040148e-010,
2.164999984844e-010,
2.167500068317e-010,
2.170000013013e-010,
2.172499957709e-010,
2.175000041182e-010,
2.177499985878e-010,
2.180000069352e-010,
2.182500014047e-010,
2.184999958743e-010,
2.187500042217e-010,
2.189999986912e-010,
2.192499931608e-010,
2.195000015082e-010,
2.197499959777e-010,
2.200000043251e-010,
2.202499987947e-010,
2.204999932642e-010,
2.207500016116e-010,
2.209999960812e-010,
2.212500044285e-010,
2.214999988981e-010,
2.217499933677e-010,
2.220000017150e-010,
2.222499961846e-010,
2.225000045319e-010,
2.227499990015e-010,
2.229999934711e-010,
2.232500018184e-010,
2.234999962880e-010,
2.237500046354e-010,
2.239999991049e-010,
2.242499935745e-010,
2.245000019219e-010,
2.247499963914e-010,
2.250000047388e-010,
2.252499992084e-010,
2.254999936779e-010,
2.257500020253e-010,
2.259999964949e-010,
2.262500048422e-010,
2.264999993118e-010,
2.267499937814e-010,
2.270000021287e-010,
2.272499965983e-010,
2.275000049456e-010,
2.277499994152e-010,
2.279999938848e-010,
2.282500022321e-010,
2.284999967017e-010,
2.287500050491e-010,
2.289999995186e-010,
2.292499939882e-010,
2.295000023356e-010,
2.297499968051e-010,
2.300000051525e-010,
2.302499996221e-010,
2.304999940916e-010,
2.307500024390e-010,
2.309999969086e-010,
2.312500052559e-010,
2.314999997255e-010,
2.317499941951e-010,
2.320000025424e-010,
2.322499970120e-010,
2.325000053593e-010,
2.327499998289e-010,
2.330000081763e-010,
2.332500026458e-010,
2.334999971154e-010,
2.337499915850e-010,
2.340000138101e-010,
2.342500082797e-010,
2.345000027493e-010,
2.347499972188e-010,
2.349999916884e-010,
2.352499861580e-010,
2.355000083831e-010,
2.357500028527e-010,
2.359999973223e-010,
2.362499917918e-010,
2.364999862614e-010,
2.367500084866e-010,
2.370000029561e-010,
2.372499974257e-010,
2.374999918953e-010,
2.377499863648e-010,
2.380000085900e-010,
2.382500030595e-010,
2.384999975291e-010,
2.387499919987e-010,
2.389999864683e-010,
2.392500086934e-010,
2.395000031630e-010,
2.397499976325e-010,
2.399999921021e-010,
2.402499865717e-010,
2.405000087968e-010,
2.407500032664e-010,
2.409999977360e-010,
2.412499922055e-010,
2.414999866751e-010,
2.417500089003e-010,
2.420000033698e-010,
2.422499978394e-010,
2.424999923090e-010,
2.427499867785e-010,
2.430000090037e-010,
2.432500034732e-010,
2.434999979428e-010,
2.437499924124e-010,
2.439999868820e-010,
2.442500091071e-010,
2.445000035767e-010,
2.447499980462e-010,
2.449999925158e-010,
2.452499869854e-010,
2.455000092105e-010,
2.457500036801e-010,
2.459999981497e-010,
2.462499926192e-010,
2.464999870888e-010,
2.467500093140e-010,
2.470000037835e-010,
2.472499982531e-010,
2.474999927227e-010,
2.477499871922e-010,
2.480000094174e-010,
2.482500038870e-010,
2.484999983565e-010,
2.487499928261e-010,
2.489999872957e-010,
2.492500095208e-010,
2.495000039904e-010,
2.497499984599e-010,
